<?xml version="1.0" encoding="utf-8"?><NetworkSnapshot xmlns:xsi="http://www.w3.org/2001/XMLSchema-instance" xmlns:xsd="http://www.w3.org/2001/XMLSchema" version="Current" id="2287f302-8451-4bc7-8de4-a0e4d2c100bf" date="2014-05-28T16:07:18.7285579+02:00"><Devices><item><key><string>Root</string></key><value><Device ID="Root" isFolder="true" isAutoUpdateActive="false" isFirmwareUpdateAvailable="false" AreOlderFirmwareUpdatesAvailable="false" isNew="false" isOnline="false" ModuleRefID="" isRoot="true" isConnectorEntryPoint="false" ParentID=""><ProductID /><Name>Devices</Name><Address /><FirmwareVersion /><Children ID="e3070427-e02c-4334-99d1-a01dccc2572c" isFolder="true" isAutoUpdateActive="false" isFirmwareUpdateAvailable="false" AreOlderFirmwareUpdatesAvailable="false" isNew="false" isOnline="false"><ProductID>d6bf238c-6a9c-4d56-912b-60cd69f1c210</ProductID><Name>Test</Name><Address /><FirmwareVersion /></Children><Protocol>0</Protocol></Device></value></item><item><key><string>e3070427-e02c-4334-99d1-a01dccc2572c</string></key><value><Device ID="e3070427-e02c-4334-99d1-a01dccc2572c" isFolder="true" isAutoUpdateActive="false" isFirmwareUpdateAvailable="false" AreOlderFirmwareUpdatesAvailable="false" isNew="false" isOnline="false" ModuleRefID="d6bf238c-6a9c-4d56-912b-60cd69f1c210" isRoot="false" isConnectorEntryPoint="true" ParentID="Root"><ProductID>d6bf238c-6a9c-4d56-912b-60cd69f1c210</ProductID><Name>Test</Name><Address /><FirmwareVersion /><Children ID="983124f4-b7f7-41da-ab0e-dd94e7ea4ea3" isFolder="false" isAutoUpdateActive="false" isFirmwareUpdateAvailable="true" AreOlderFirmwareUpdatesAvailable="true" isNew="false" isOnline="false"><ProductID>TDA</ProductID><Name>Test Device A</Name><Address>10.20.30.1</Address><FirmwareVersion>1.0</FirmwareVersion></Children><Children ID="0882eead-4dc1-4731-aef6-dd8878dad0dd" isFolder="false" isAutoUpdateActive="false" isFirmwareUpdateAvailable="true" AreOlderFirmwareUpdatesAvailable="true" isNew="false" isOnline="false"><ProductID>TDA</ProductID><Name>Test Device B</Name><Address>10.20.30.2</Address><FirmwareVersion>1.2</FirmwareVersion></Children><Children ID="72d7efdf-9436-4fc4-9962-20e919dd7a96" isFolder="false" isAutoUpdateActive="false" isFirmwareUpdateAvailable="true" AreOlderFirmwareUpdatesAvailable="true" isNew="false" isOnline="false"><ProductID>TDA</ProductID><Name>Test Device D</Name><Address>10.20.30.3</Address><FirmwareVersion>1.1</FirmwareVersion></Children><Children ID="7ddeec2e-591a-4399-825a-4af2d81e817f" isFolder="false" isAutoUpdateActive="false" isFirmwareUpdateAvailable="true" AreOlderFirmwareUpdatesAvailable="true" isNew="false" isOnline="false"><ProductID>testx</ProductID><Name>Device 1</Name><Address>22</Address><FirmwareVersion>1.0</FirmwareVersion></Children><Protocol>100</Protocol></Device></value></item><item><key><string>983124f4-b7f7-41da-ab0e-dd94e7ea4ea3</string></key><value><Device ID="983124f4-b7f7-41da-ab0e-dd94e7ea4ea3" isFolder="false" isAutoUpdateActive="false" isFirmwareUpdateAvailable="false" AreOlderFirmwareUpdatesAvailable="true" isNew="false" isOnline="false" ModuleRefID="d6bf238c-6a9c-4d56-912b-60cd69f1c210" isRoot="false" isConnectorEntryPoint="false" ParentID="e3070427-e02c-4334-99d1-a01dccc2572c"><ProductID>TDA</ProductID><Name>Test Device A</Name><Address>10.20.30.1</Address><FirmwareVersion>1.0</FirmwareVersion><Protocol>100</Protocol></Device></value></item><item><key><string>0882eead-4dc1-4731-aef6-dd8878dad0dd</string></key><value><Device ID="0882eead-4dc1-4731-aef6-dd8878dad0dd" isFolder="false" isAutoUpdateActive="false" isFirmwareUpdateAvailable="false" AreOlderFirmwareUpdatesAvailable="true" isNew="false" isOnline="false" ModuleRefID="d6bf238c-6a9c-4d56-912b-60cd69f1c210" isRoot="false" isConnectorEntryPoint="false" ParentID="e3070427-e02c-4334-99d1-a01dccc2572c"><ProductID>TDA</ProductID><Name>Test Device B</Name><Address>10.20.30.2</Address><FirmwareVersion>1.2</FirmwareVersion><Protocol>100</Protocol></Device></value></item><item><key><string>72d7efdf-9436-4fc4-9962-20e919dd7a96</string></key><value><Device ID="72d7efdf-9436-4fc4-9962-20e919dd7a96" isFolder="false" isAutoUpdateActive="false" isFirmwareUpdateAvailable="false" AreOlderFirmwareUpdatesAvailable="true" isNew="false" isOnline="false" ModuleRefID="d6bf238c-6a9c-4d56-912b-60cd69f1c210" isRoot="false" isConnectorEntryPoint="false" ParentID="e3070427-e02c-4334-99d1-a01dccc2572c"><ProductID>TDA</ProductID><Name>Test Device D</Name><Address>10.20.30.3</Address><FirmwareVersion>1.1</FirmwareVersion><Protocol>100</Protocol></Device></value></item><item><key><string>7ddeec2e-591a-4399-825a-4af2d81e817f</string></key><value><Device ID="7ddeec2e-591a-4399-825a-4af2d81e817f" isFolder="false" isAutoUpdateActive="false" isFirmwareUpdateAvailable="false" AreOlderFirmwareUpdatesAvailable="true" isNew="false" isOnline="false" ModuleRefID="d6bf238c-6a9c-4d56-912b-60cd69f1c210" isRoot="false" isConnectorEntryPoint="false" ParentID="e3070427-e02c-4334-99d1-a01dccc2572c"><ProductID>testx</ProductID><Name>Device 1</Name><Address>22</Address><FirmwareVersion>1.0</FirmwareVersion><Protocol>100</Protocol></Device></value></item></Devices><Modules><item><key><string>d6bf238c-6a9c-4d56-912b-60cd69f1c210</string></key><value><string>e3070427-e02c-4334-99d1-a01dccc2572c</string></value></item></Modules><ModuleDeviceMapping><item><key><string>d6bf238c-6a9c-4d56-912b-60cd69f1c210</string></key><value><dictionary><item><key><string>10.20.30.1</string></key><value><string>983124f4-b7f7-41da-ab0e-dd94e7ea4ea3</string></value></item><item><key><string>10.20.30.2</string></key><value><string>0882eead-4dc1-4731-aef6-dd8878dad0dd</string></value></item><item><key><string>10.20.30.3</string></key><value><string>72d7efdf-9436-4fc4-9962-20e919dd7a96</string></value></item><item><key><string>22</string></key><value><string>7ddeec2e-591a-4399-825a-4af2d81e817f</string></value></item></dictionary></value></item></ModuleDeviceMapping></NetworkSnapshot>