<?xml version="1.0" encoding="utf-8"?><TestDeviceConig xmlns:xsi="http://www.w3.org/2001/XMLSchema-instance" xmlns:xsd="http://www.w3.org/2001/XMLSchema"><Devices><item><key><string>983124f4-b7f7-41da-ab0e-dd94e7ea4ea3</string></key><value><Device ID="983124f4-b7f7-41da-ab0e-dd94e7ea4ea3" isFolder="false" isAutoUpdateActive="false" isFirmwareUpdateAvailable="false" AreOlderFirmwareUpdatesAvailable="false" isNew="false" isOnline="false" isRoot="false" isConnectorEntryPoint="false"><ProductID>TDA</ProductID><Name>Test Device A</Name><Address>10.20.30.1</Address><FirmwareVersion>1.0</FirmwareVersion><Protocol>100</Protocol></Device></value></item><item><key><string>0882eead-4dc1-4731-aef6-dd8878dad0dd</string></key><value><Device ID="0882eead-4dc1-4731-aef6-dd8878dad0dd" isFolder="false" isAutoUpdateActive="false" isFirmwareUpdateAvailable="false" AreOlderFirmwareUpdatesAvailable="false" isNew="false" isOnline="false" isRoot="false" isConnectorEntryPoint="false"><ProductID>TDA</ProductID><Name>Test Device B</Name><Address>10.20.30.2</Address><FirmwareVersion>1.2</FirmwareVersion><Protocol>100</Protocol></Device></value></item><item><key><string>72d7efdf-9436-4fc4-9962-20e919dd7a96</string></key><value><Device ID="72d7efdf-9436-4fc4-9962-20e919dd7a96" isFolder="false" isAutoUpdateActive="false" isFirmwareUpdateAvailable="true" AreOlderFirmwareUpdatesAvailable="true" isNew="false" isOnline="true" ModuleRefID="d6bf238c-6a9c-4d56-912b-60cd69f1c210" isRoot="false" isConnectorEntryPoint="false" ParentID="978a5dc6-8001-4844-b4e3-74d872c39b15"><ProductID>TDA</ProductID><Name>Test Device D</Name><Address>10.20.30.3</Address><FirmwareVersion>1.1</FirmwareVersion><Protocol>100</Protocol></Device></value></item><item><key><string>7ddeec2e-591a-4399-825a-4af2d81e817f</string></key><value><Device ID="7ddeec2e-591a-4399-825a-4af2d81e817f" isFolder="false" isAutoUpdateActive="false" isFirmwareUpdateAvailable="false" AreOlderFirmwareUpdatesAvailable="false" isNew="false" isOnline="false" isRoot="false" isConnectorEntryPoint="false"><ProductID>testx</ProductID><Name>Device 1</Name><Address>22</Address><FirmwareVersion>1.0</FirmwareVersion><Protocol>100</Protocol></Device></value></item></Devices><Addresses><item><key><string>10.20.30.1</string></key><value><string>983124f4-b7f7-41da-ab0e-dd94e7ea4ea3</string></value></item><item><key><string>10.20.30.2</string></key><value><string>0882eead-4dc1-4731-aef6-dd8878dad0dd</string></value></item><item><key><string>10.20.30.3</string></key><value><string>72d7efdf-9436-4fc4-9962-20e919dd7a96</string></value></item><item><key><string>22</string></key><value><string>7ddeec2e-591a-4399-825a-4af2d81e817f</string></value></item></Addresses></TestDeviceConig>