{"monitfunc":{"Motor":["SPD","UOP","OPR","OTR","LCR","THR","FS2A"],"Drive":["FRH","LFR","RFR","FQS","ULN","THD","CFPS","MFR"],"Pump":["RTH","SPD","NSM","EPRW","FS1V","PS1V","PS2V","FS1C","EFY","ECI","EPI","FS1K","FS1J","EFYK","EFYJ","APPS"],"Elapsedtime":["RTH","PTH","FCPT","NSM"],"PID":["RPI","RPC","RPF","RPE","RPO"],"Analoginputs1":["AI1T","AI2T","AI3T","AI4T","AI5T"]},"configurationlist":["AI4T","UIL4","UIH4","CRL4","CRH4","AI4F","AI4E","AI4S","AI4J","AI4K","AI5T","UIL5","UIH5","CRL5","CRH5","AI5F","AI5E","AI5S","AI5J","AI5K","UNS","PFMM","PFMR","PFMD","PFMB","PPOA","PPSD","PCPM","PCPN","PCPT","PCPB","JETC","JATC","JTCT","JTCL","JTCD","JACC","JDEC","JACR","JDER","JFDS","JRVS","JFDT","JRVT","JZST","JNBC","JAMN","JAMT","JAMB","ASLM","ASLC","ASLD","ASLR","IPPM","PS1A","OPPM","OPPW","PS2A"],"bitfiellist":{"ALR1":{"11":"FPA","12":"AP2"},"ALR2":{"11":"FPA","12":"AP2"},"ALR3":{"11":"FPA","12":"AP2"},"ALR4":{"11":"FPA","12":"AP2"},"ALR5":{"11":"FPA","12":"AP2"}},"bitfieldparam":{"ALR1":"ALR1","ALR2":"ALR2","ALR3":"ALR3","ALR4":"ALR4","ALR5":"ALR5"},"monitoringlist":["SPD","UOP","OPR","OTR","LCR","THR","FRH","LFR","RFR","FQS","ULN","VBUS","THD","RTH","SPD","NSM","EPRW","FS1V","PS1V","PS2V","FS1C","EFY","ECI","EPI","FS1K","FS1J","EFYK","EFYJ","RPI","RPC","RPF","RPE","RPO","TH2V","TH3V","TH4V","TH5V","AI1C","AI2C","AI3C","AI4C","AI5C","AO1C","AO2C","RIN","L11H","L11L","L12H","L12L","L13H","L13L","L14H","L14L","L15H","L15L","L16H","L16L","L1H","L1L","L2H","L2L","L3H","L3L","L4H","L4L","L5H","L5L","L6H","L6L","ETA","ETI","CMD","TJD","CCC","SFR"],"comfunc":{"Modbus":["ADD","TBR","TFO","TTO","SLL"],"CANopen":["ADCO","BDCO","COL"]},"drivefunc":{"Faultbehavior":["RSF","ATR","FLR","OLL","OPL","IPL","ETF","EPL","LFF","LFL2","LFL3","INH","CLL","SLL","COL"],"Pulseinput":["PIL5","PIH5","PFI5","PI5J","PI5K","PFR5","PIL6","PIH6","PFI6","PI6J","PI6K","PFR6","PPV","PVOL"],"Analoginputs":["AI1T","UIL1","UIH1","CRL1","CRH1","AI1F","AI1E","AI1S","AI1J","AI1K","AI2T","UIL2","UIH2","CRL2","CRH2","AI2F","AI2E","AI2S","AI2J","AI2K","AI3T","UIL3","UIH3","CRL3","CRH3","AI3F","AI3E","AI3S","AI3J","AI3K"],"Analogoutputs":["AO1","AO1T","AOL1","AOH1","UOL1","UOH1","ASL1","ASH1","AO2","AO1F","AO2T","AOL2","AOH2","UOL2","UOH2","ASL2","ASH2","AO2F"],"Relays":["R1","R1D","R1S","R1H","R2","R2D","R2S","R2H","R3","R3D","R3S","R3H"],"Units":["SUPR","SUFR","SUTP","SUCU"]},"chartfunc":{"Default Chart":["SPD","UOP","OPR","OTR","LCR","THR","FRH","LFR","RFR","FQS","ULN","VBUS","THD","RTH","SPD","NSM","EPRW","FS1V","PS1V","PS2V","FS1C","EFY","ECI","EPI","FS1K","FS1J","EFYK","EFYJ","RPI","RPC","RPF","RPE","RPO","TH2V","TH3V","TH4V","TH5V","AI1C","AI2C","AI3C","AI4C","AI5C","AO1C","AO2C"]},"simplystart":["TCC","BFR","IPL","NPR","UNS","NCR","FRS","NSP","TFR","TUN","TUS","STUN","ITH","ACC","DEC","HSP","LSP"],"upload":{"ID_LOGDISTRIB":"User:/Drive/Log/Distribution.csv","ID_LOGCONTINUOUS":"User:/Drive/Log/Continuous.csv","ID_LOGKWREPOT":"User:/Drive/Log/KWReport.csv","ID_LOGFAULTHIST":"User:/Drive/Log/FaultHistory.csv","ID_LOGALARMTHIST":"User:/Drive/Log/AlarmHistory.csv","ID_LOGDEEPIDENT":"Proc:/Drive/Ident/DeepIdent.bin"},"download":{},"safety":{"INH":{"type":"danger","title":"ID_TITLE_DANGER","msg":"ID_STD_MESSAGE"},"TUN":{"type":"danger","title":"ID_TITLE_DANGER","msg":"ID_STD_MESSAGE"},"OPL":{"type":"danger","title":"ID_TITLE_DANGER","msg":"ID_STD_MESSAGE"},"FLU":{"type":"danger","title":"ID_TITLE_DANGER","msg":"ID_STD_MESSAGE"},"TCC":{"type":"warning","title":"ID_TITLE_WARNING","msg":"ID_STD_MESSAGE"},"PST":{"type":"warning","title":"ID_TITLE_WARNING","msg":"ID_STD_MESSAGE"},"ATR":{"type":"warning","title":"ID_TITLE_WARNING","msg":"ID_STD_MESSAGE"}},"listparam":{"R1":"PSL","R2":"PSL","AI1A":"CSA","AI2A":"CSA","AI3A":"CSA","LFT":"LFT","TCC":"TCC","SUPR":"SUPR","SUFR":"SUFR","SUTP":"SUTP","CTT":"CTT","PHR":"PHR","HMIS":"HMIS","NCV":"NCV","VCAL":"VCAL","LALR":"ALR","PSST":"PSST","DIAC":"DIAC","SUCU":"SUCU","BRA":"BRA","RPS":"PSLIN","FR1":"PSA","FR2":"PSA","RFC":"PSLIN","FLO":"PSLIN","FLOC":"PSA","PST":"N_Y","PS2":"PSLIN","PS4":"PSLIN","AI1T":"AIOT","AI2T":"AIOT","AI3T":"AIOT","AI4T":"AIOT","AI5T":"AIOT","R1S":"NPL","R2S":"NPL","R3":"PSL","R3S":"NPL","R4":"PSL","R4S":"NPL","R5":"PSL","R5S":"NPL","R6":"PSL","R6S":"NPL","AO1":"PSA","AO1T":"AIOT","AO2":"PSA","AO2T":"AIOT","TOCT":"TOCT","PIF":"PSA","PII":"N_Y","PR2":"PSLIN","PR4":"PSLIN","PIM":"PSA","PAU":"PSL","THT":"THT","TH2S":"N_Y","TH2B":"ECFG","TH3S":"N_Y","TH3B":"ECFG","TH4S":"N_Y","TH4B":"ECFG","TH5S":"N_Y","TH5B":"ECFG","PLFM":"PLFM","DRYM":"DRYM","PLFW":"PSLIN","PLFB":"ECFG","PCPM":"PCPM","PCPB":"ECFG","JETC":"PSLIN","JATC":"JATC","SLPM":"SLPM","SLPW":"PSLIN","WUPM":"WUPM","JP":"CSLOUT","PCM":"PCM","PCA":"N_Y","PFM":"PFM","AALR":"ALR","RRS":"PSLIN","PFEC":"PSLIN","FS1A":"PSA","FS2A":"PSA","CFPS":"CFPS","APPS":"APPS","PFMM":"N_Y","PFMB":"ECFG","PPOA":"CSLOUT","JAMB":"ECFG","ASLM":"N_Y","IPPM":"IPPM","PS1A":"PSA","OPPM":"OPPM","OPPW":"PSLIN","PS2A":"PSA","RIN":"N_Y","L11H":"CSL","L11L":"CSL","L12H":"CSL","L12L":"CSL","L13H":"CSL","L13L":"CSL","L14H":"CSL","L14L":"CSL","L15H":"CSL","L15L":"CSL","L16H":"CSL","L16L":"CSL","L1H":"CSL","L1L":"CSL","L2H":"CSL","L2L":"CSL","L3H":"CSL","L3L":"CSL","L4H":"CSL","L4L":"CSL","L5H":"CSL","L5L":"CSL","L6H":"CSL","L6L":"CSL","TBR":"TBR","TFO":"FOR","SLL":"ECFG","BDCO":"BDCO","COL":"ECFG","RSF":"PSLIN","ATR":"N_Y","FLR":"N_Y","OLL":"ECFG","OPL":"OPL","IPL":"ECFG","ETF":"PSLIN","EPL":"ECFG","LFL2":"ECFG","LFL3":"ECFG","INH":"PSLIN","CLL":"ECFG","BFR":"BFR","TUN":"ACTION","TUS":"ACT","STUN":"STUN"},"parameterlist":{"C1SV":"3403","C1SB":"3404","C2SV":"3423","C2SB":"3424","C3SV":"3443","C3SB":"3444","C4SV":"3463","C4SB":"3464","C5SV":"3483","C5SB":"3484","C6SV":"3803","C6SB":"3804","O1SV":"3603","O1SB":"3604","O2SV":"3643","O2SB":"3644","R1":"5001","R2":"5002","AI1A":"4821","AI2A":"4822","AI3A":"4823","LFT":"7121","TCC":"11101","SUPR":"12021","SUFR":"12022","SUTP":"12024","CTT":"9607","TFR":"3103","PHR":"13401","HMIS":"3240","RTH":"3244","EPRW":"3293","AGS":"12870","NCV":"3011","VCAL":"3012","PS30":"64090","NSM":"3260","ALCT":"12879","ALR1":"12860","ALR2":"12861","ALR3":"12862","LALR":"12890","PSST":"8050","ME1":"10602","ME2":"10603","ME3":"10604","OCT":"10622","OCY":"10624","DIAC":"13702","DFAN":"13726","SUCU":"12025","BRA":"9003","RPS":"9010","AC2":"9012","DE2":"9013","ACCS":"9040","DECS":"9044","DECV":"9041","CVLS":"9043","CVHS":"9042","FR1":"8413","FR2":"8414","RFC":"8411","FLO":"8431","FLOC":"8432","PST":"64002","SP2":"11410","SP3":"11411","SP4":"11412","PS2":"11401","PS4":"11402","AI1T":"4402","UIL1":"4412","UIH1":"4422","AI2T":"4403","UIL2":"4413","UIH2":"4423","AI3T":"4404","UIL3":"4414","UIH3":"4424","AI4T":"4405","UIL4":"4415","UIH4":"4425","AI5T":"4406","UIL5":"4416","UIH5":"4426","PIL5":"13320","PFR5":"13328","PIL6":"13340","PFR6":"13348","R1S":"4201","R2S":"4202","R3":"5003","R3S":"4203","R4":"5004","R4S":"4204","R5":"5005","R5S":"4205","R6":"5006","R6S":"4206","AO1":"5021","AO1T":"4601","AOL1":"4641","AOH1":"4651","AO2":"5022","AO2T":"4602","AOL2":"4642","AOH2":"4652","TOCT":"11919","PIF":"11901","PIF1":"11904","PIF2":"11905","PIP1":"11906","PIP2":"11907","PAL":"11961","PAH":"11962","PER":"11963","PII":"11908","RPI":"11920","RP2":"11921","RP3":"11922","RP4":"11923","PR2":"11909","PR4":"11910","PIM":"11954","PAU":"11970","RPG":"11941","RIG":"11942","CTD":"11001","CTDL":"11010","FTD":"11003","FTDL":"11011","TTD":"11002","THT":"9612","THR":"9630","CLI":"9201","TH2S":"13210","TH2B":"13240","TH2F":"13230","TH2A":"13220","TH3S":"13211","TH3B":"13241","TH3F":"13231","TH3A":"13221","TH4S":"13212","TH4B":"13242","TH4F":"13232","TH4A":"13222","TH5S":"13213","TH5B":"13243","TH5F":"13233","TH5A":"13223","PLFM":"15970","DRYM":"15950","PLFW":"15971","PLFA":"15974","PLFD":"15975","PLFB":"15976","PLFR":"15977","PLFX":"15973","PLFL":"15972","DRYD":"15952","DRYR":"15953","NFLP":"15961","NFLS":"15960","NFHP":"15963","NFHS":"15962","DRYX":"15954","PCPM":"15900","PCPN":"15901","PCPT":"15902","PCPB":"15903","JETC":"15920","JATC":"15921","JACC":"15927","JDEC":"15925","JACR":"15928","JDER":"15926","JFDS":"15931","JRVS":"15932","JFDT":"15929","JRVT":"15930","JZST":"15933","JNBC":"15934","JTCL":"15923","JTCD":"15924","PFHS":"15803","PFHP":"15804","PFHT":"15802","SLPM":"11750","SLPW":"11751","SLPD":"11755","WUPM":"11758","WUPF":"11759","WUPE":"11760","SLSL":"11753","SLBS":"11756","SLBT":"11757","JP":"15830","JPRP":"15831","JPSP":"15833","JPRD":"15832","JPRS":"15834","JPWD":"15835","PCM":"15770","PCBQ":"15768","PCH1":"15757","PCH2":"15758","PCH3":"15759","PCH4":"15760","PCH5":"15761","PCP1":"15762","PCP2":"15763","PCP3":"15764","PCP4":"15765","PCP5":"15766","PCA":"15771","PRP":"11984","JTCT":"15922","PFM":"15800","SLPR":"11754","SLNL":"11752","PCBH":"15767","PCBP":"15769","PCQ1":"15752","PCQ2":"15753","PCQ3":"15754","PCQ4":"15755","PCQ5":"15756","AALR":"12896","FS1K":"16055","FS1J":"16056","PCSP":"15751","ACCP":"11985","MOEP":"10641","PWI1":"13727","RRS":"11105","PFEC":"15801","FS1A":"15703","SFS":"11955","SPD":"12004","UOP":"3208","OPR":"3211","OTR":"3205","LCR":"3204","FS2A":"15704","FRH":"3203","LFR":"8502","RFR":"3202","ULN":"3207","THD":"3209","CFPS":"12900","MFR":"11831","FS1V":"15715","PS1V":"15713","PS2V":"15714","FS1C":"15717","EFY":"16050","ECI":"16053","EPI":"16054","EFYK":"16051","EFYJ":"16052","APPS":"15980","PTH":"3246","FCPT":"3262","RPC":"11982","RPF":"11981","RPE":"11980","RPO":"11983","CRL4":"4435","CRH4":"4445","AI4F":"4455","AI4E":"4465","AI4S":"4475","AI4J":"4505","AI4K":"4515","CRL5":"4436","CRH5":"4446","AI5F":"4456","AI5E":"4466","AI5S":"4476","AI5J":"4506","AI5K":"4516","UNS":"9601","PFMM":"11930","PFMR":"11931","PFMD":"11932","PFMB":"11933","PPOA":"15820","PPSD":"15821","JAMN":"15936","JAMT":"15937","JAMB":"15938","ASLM":"11780","ASLC":"11781","ASLD":"11782","ASLR":"11783","IPPM":"15910","PS1A":"15701","OPPM":"15850","OPPW":"15851","PS2A":"15702","ALR4":"12863","ALR5":"12864","VBUS":"3243","TH2V":"13250","TH3V":"13251","TH4V":"13252","TH5V":"13253","AI1C":"5242","AI2C":"5243","AI3C":"5244","AI4C":"5245","AI5C":"5246","AO1C":"5271","AO2C":"5272","RIN":"3108","L11H":"4811","L11L":"4841","L12H":"4812","L12L":"4842","L13H":"4813","L13L":"4843","L14H":"4814","L14L":"4844","L15H":"4815","L15L":"4845","L16H":"4816","L16L":"4846","L1H":"4801","L1L":"4831","L2H":"4802","L2L":"4832","L3H":"4803","L3L":"4833","L4H":"4804","L4L":"4834","L5H":"4805","L5L":"4835","L6H":"4806","L6L":"4836","ETA":"3201","ETI":"3206","CMD":"8501","TJD":"13752","CCC":"8442","SFR":"3102","ADD":"6001","TBR":"6003","TFO":"6004","TTO":"6005","SLL":"7010","ADCO":"6051","BDCO":"6053","COL":"7011","RSF":"7124","ATR":"7122","FLR":"3110","OLL":"7009","OPL":"9611","IPL":"7002","ETF":"7131","EPL":"7006","LFF":"7080","LFL2":"7003","LFL3":"7013","INH":"7125","CLL":"7015","PIH5":"13322","PFI5":"13324","PI5J":"13332","PI5K":"13334","PIH6":"13342","PFI6":"13344","PI6J":"13352","PI6K":"13354","CRL1":"4432","CRH1":"4442","AI1F":"4452","AI1E":"4462","AI1S":"4472","AI1J":"4502","AI1K":"4512","CRL2":"4433","CRH2":"4443","AI2F":"4453","AI2E":"4463","AI2S":"4473","AI2J":"4503","AI2K":"4513","CRL3":"4434","CRH3":"4444","AI3F":"4454","AI3E":"4464","AI3S":"4474","AI3J":"4504","AI3K":"4514","UOL1":"4621","UOH1":"4631","ASL1":"4661","ASH1":"4671","AO1F":"4611","UOL2":"4622","UOH2":"4632","ASL2":"4662","ASH2":"4672","AO2F":"4612","R1D":"4241","R1H":"4221","R2D":"4242","R2H":"4222","R3D":"4243","R3H":"4223","BFR":"3015","NPR":"9613","NCR":"9603","FRS":"9602","NSP":"9604","TUN":"9608","TUS":"9609","STUN":"9617","ITH":"9622","ACC":"9001","DEC":"9002","HSP":"3104","LSP":"3105"},"listdef":{"PSL":{"0":"NO","1":"FLT","2":"RUN","4":"FTA","5":"FLA","6":"CTA","7":"SRA","8":"TSA","10":"PEE","11":"PFA","12":"AP2","13":"F2A","14":"TAD","16":"RTAH","17":"RTAL","18":"FTAL","19":"F2AL","20":"CTAL","21":"ULA","22":"OLA","23":"PFAH","24":"PFAL","25":"PISH","28":"TTHA","29":"TTLA","30":"MFRD","31":"MRRS","34":"RP2","47":"ATS","48":"CNF0","52":"CFP1","53":"CFP2","54":"CFP3","55":"CFP4","64":"DBL","66":"PRM","72":"FQLA","73":"LLC","77":"MCP","80":"AG1","81":"AG2","82":"AG3","87":"EFA","88":"USA","89":"UPA","91":"THA","96":"FR1","97":"FR2","98":"CD1","99":"CD2","100":"FR1B","104":"TJA","107":"AP3","108":"AP4","110":"FSA","116":"FN1","117":"FN2","118":"FN3","119":"FN4","123":"AP1","127":"RDY","128":"YES","129":"LI1","130":"LI2","131":"LI3","132":"LI4","133":"LI5","134":"LI6","139":"LI11","140":"LI12","141":"LI13","142":"LI14","143":"LI15","144":"LI16","160":"CD00","161":"CD01","162":"CD02","163":"CD03","164":"CD04","165":"CD05","166":"CD06","167":"CD07","168":"CD08","169":"CD09","170":"CD10","171":"CD11","172":"CD12","173":"CD13","174":"CD14","175":"CD15","176":"C100","177":"C101","178":"C102","179":"C103","180":"C104","181":"C105","182":"C106","183":"C107","184":"C108","185":"C109","186":"C110","187":"C111","188":"C112","189":"C113","190":"C114","191":"C115","192":"C200","193":"C201","194":"C202","195":"C203","196":"C204","197":"C205","198":"C206","199":"C207","200":"C208","201":"C209","202":"C210","203":"C211","204":"C212","205":"C213","206":"C214","207":"C215","208":"C300","209":"C301","210":"C302","211":"C303","212":"C304","213":"C305","214":"C306","215":"C307","216":"C308","217":"C309","218":"C310","219":"C311","220":"C312","221":"C313","222":"C314","223":"C315","240":"C500","241":"C501","242":"C502","243":"C503","244":"C504","245":"C505","246":"C506","247":"C507","248":"C508","249":"C509","250":"C510","251":"C511","252":"C512","253":"C513","254":"C514","255":"C515","272":"L1L","273":"L2L","274":"L3L","275":"L4L","276":"L5L","277":"L6L","282":"L11L","283":"L12L","284":"L13L","285":"L14L","286":"L15L","287":"L16L","340":"JOKY","341":"PRIM","342":"JAMR","344":"FILL","345":"PPON","346":"DRYA","347":"PLFA","348":"HFPA","349":"IPPA","350":"OPLA","351":"OPHA","352":"PCPA","353":"JAMA","354":"LFA","355":"LPA","356":"OPSA","357":"JPON","491":"POWD","492":"AG4","493":"AG5","494":"FRF","495":"RLS","496":"STT","497":"LCA1","498":"LCA2","499":"TP2A","500":"TP3A","501":"TP4A","502":"TP5A","503":"AP5","504":"FCTA","505":"FFDA","506":"PTHA","507":"PTHL","508":"CAS1","509":"CAS2","510":"CAS3","511":"CAS4"},"CSA":{"0":"NO","1":"AO1","2":"AO2","129":"AIFR1","130":"AIFR2","131":"AISA2","132":"AIPIF","137":"AIDA2","138":"AIPIM","139":"AIFPI","160":"AISA3","161":"AIFR1B","162":"AIDA3","163":"AIFLOC","164":"AIMA2","165":"AIMA3","168":"AIAIC1","340":"PS1A","341":"PS2A","342":"FS1A","343":"FS2A"},"LFT":{"0":"NOF","2":"EEF1","3":"CFF","4":"CFI","5":"SLF1","6":"ILF","7":"CNF","8":"EPF1","9":"OCF","10":"CRF1","13":"LFF2","16":"OHF","17":"OLF","18":"OBF","19":"OSF","20":"OPF1","21":"PHF","22":"USF","23":"SCF1","24":"SOF","25":"TNF","26":"INF1","27":"INF2","28":"INF3","29":"INF4","30":"EEF2","32":"SCF3","33":"OPF2","34":"COF","37":"INF7","38":"EPF2","40":"INF8","42":"SLF2","45":"SLF3","51":"INF9","52":"INFA","53":"INFB","54":"TJF","55":"SCF4","56":"SCF5","60":"INFC","64":"LCF","68":"INF6","69":"INFE","71":"LFF3","72":"LFF4","73":"HCF","77":"CFI2","79":"LFF5","99":"CSF","100":"ULF","101":"OLC","105":"ASF","106":"LFF1","107":"SAFF","110":"TH2F","111":"T2CF","112":"TH3F","113":"T3CF","114":"PCPF","115":"OPLF","116":"HFPF","117":"IPPF","119":"PLFF","120":"TH4F","121":"T4CF","122":"TH5F","123":"T5CF","124":"JAMF","125":"OPHF","126":"DRYF","127":"PFMF","128":"PGLF","129":"PGRF","142":"INFG","143":"INFH","144":"INF0","146":"INFD","148":"STF","149":"INFL","150":"ETHF","151":"INFF","153":"INFM","154":"INFP","155":"INFK","157":"INFR"},"TCC":{"0":"2C","1":"3C"},"SUPR":{"0":"1KPA","1":"1MBAR","2":"1BAR","3":"01BAR","4":"001BAR","5":"1PSI","6":"01PSI","7":"1PSIG","8":"01PSIG","9":"1INH20","10":"1INWG","11":"1INWC","12":"1FTWG","13":"1FTWC","14":"1FT","15":"1MWG","16":"01MWG","17":"1MWC","18":"01MWC","19":"1M","20":"01M","21":"1INHG","22":"01PC","23":"01WO"},"SUFR":{"0":"1LS","1":"01LS","2":"1LM","3":"1LH","4":"1DM3M","5":"1M3S","6":"01M3S","7":"1M3MN","8":"01M3MN","9":"1M3H","10":"01M3H","11":"1GPS","12":"1GPM","13":"1GPH","14":"1CFS","15":"1CFM","16":"1SCFM","17":"1CFH","18":"1KGS","19":"1KGM","20":"1KGH","21":"1LBS","22":"1LBM","23":"1LBH","24":"01PC","25":"01WO"},"SUTP":{"0":"01C","1":"01F","2":"01PC","3":"01WO"},"CTT":{"3":"STD","4":"UF5","6":"UFQ","10":"SYNU","11":"ECO"},"PHR":{"0":"ABC","1":"ACB"},"HMIS":{"0":"TUN","1":"DCB","2":"RDY","3":"NST","4":"RUN","5":"ACC","6":"DEC","7":"CLI","8":"FST","9":"FLU","11":"NLP","13":"CTL","14":"OBR","15":"SOC","17":"USA","18":"TC","19":"ST","20":"FA","21":"OK","22":"EP","23":"FLT","25":"DCP","30":"STO","35":"IDLE"},"NCV":{"0":"NO","1":"U010","2":"U018","3":"U025","4":"U037","5":"U055","6":"U075","7":"U090","8":"U110","9":"U150","10":"U185","11":"U220","12":"U300","13":"U370","14":"U400","15":"U550","16":"U750","17":"U900","18":"D110","19":"D150","20":"D185","21":"D220","22":"D300","23":"D370","24":"D450","25":"D550","26":"D750","27":"D900","28":"C110","29":"C132","30":"C160","31":"C200","32":"C220","33":"C250","34":"C280","35":"C315","36":"C355","37":"C400","38":"C450","39":"C500","40":"C560","41":"C630","42":"C710","43":"C800"},"VCAL":{"0":"NO","1":"110M","2":"110T","3":"220M","4":"220T","5":"480M","6":"480T","7":"690M","8":"690T"},"ALR":{"0":"NOA","1":"FRF","2":"RLS","3":"STT","4":"SRA","5":"LCA1","6":"LCA2","7":"DRYA","8":"LFA","9":"HFPA","10":"IPPA","11":"OPLA","12":"OPHA","13":"PCPA","14":"JAMA","15":"PLFA","16":"LPA","17":"FSA","18":"PEE","19":"PFA","20":"PFAH","21":"PFAL","22":"PISH","26":"TP2A","27":"TP3A","28":"TP4A","29":"TP5A","30":"AP1","31":"AP2","32":"AP3","33":"AP4","34":"AP5","35":"THA","36":"TJA","37":"FCTA","38":"FFDA","40":"EFA","41":"USA","42":"UPA","44":"FTA","45":"FTAL","46":"FQLA","47":"F2AL","48":"FLA","49":"RTAH","50":"RTAL","51":"F2A","52":"CTA","53":"CTAL","56":"ULA","57":"OLA","60":"TAD","61":"TSA","65":"PTHA","66":"PTHL","67":"CAS1","68":"CAS2","69":"CAS3","70":"CAS4","71":"CAS5","73":"POWD","74":"OPSA"},"PSST":{"0":"NO","1":"ULK","2":"LOCK"},"DIAC":{"0":"NO","1":"SUPCTL","2":"LEDS","3":"FAN","4":"SUPPWR","5":"IGBT","6":"IGBTSC","7":"THYRST"},"SUCU":{"0":"EURO","1":"DOLLAR","2":"POUND","3":"KR","4":"RMB","5":"OTHER"},"BRA":{"0":"NO","1":"YES","2":"DYNA"},"PSLIN":{"0":"NO","1":"FLT","4":"FTA","13":"F2A","18":"FTAL","19":"F2AL","96":"FR1","97":"FR2","98":"CD1","99":"CD2","100":"FR1B","128":"YES","129":"LI1","130":"LI2","131":"LI3","132":"LI4","133":"LI5","134":"LI6","139":"LI11","140":"LI12","141":"LI13","142":"LI14","143":"LI15","144":"LI16","160":"CD00","161":"CD01","162":"CD02","163":"CD03","164":"CD04","165":"CD05","166":"CD06","167":"CD07","168":"CD08","169":"CD09","170":"CD10","171":"CD11","172":"CD12","173":"CD13","174":"CD14","175":"CD15","177":"C101","178":"C102","179":"C103","180":"C104","181":"C105","182":"C106","183":"C107","184":"C108","185":"C109","186":"C110","187":"C111","188":"C112","189":"C113","190":"C114","191":"C115","193":"C201","194":"C202","195":"C203","196":"C204","197":"C205","198":"C206","199":"C207","200":"C208","201":"C209","202":"C210","203":"C211","204":"C212","205":"C213","206":"C214","207":"C215","209":"C301","210":"C302","211":"C303","212":"C304","213":"C305","214":"C306","215":"C307","216":"C308","217":"C309","218":"C310","219":"C311","220":"C312","221":"C313","222":"C314","223":"C315","241":"C501","242":"C502","243":"C503","244":"C504","245":"C505","246":"C506","247":"C507","248":"C508","249":"C509","250":"C510","251":"C511","252":"C512","253":"C513","254":"C514","255":"C515","272":"L1L","273":"L2L","274":"L3L","275":"L4L","276":"L5L","277":"L6L","282":"L11L","283":"L12L","284":"L13L","285":"L14L","286":"L15L","287":"L16L"},"PSA":{"0":"NO","1":"AI1","2":"AI2","3":"AI3","4":"AI4","5":"AI5","129":"OCR","130":"OFR","131":"ORP","132":"TRQ","133":"STQ","134":"ORS","135":"OPS","136":"OPF","137":"OPE","138":"OPI","139":"OPR","140":"THR","141":"THD","160":"UPDT","163":"LCC","164":"MDB","167":"CAN","169":"NET","171":"ETH","173":"OFS","180":"UOP","183":"AIV1","186":"PI5","187":"PI6","340":"SLPF","341":"PS1V","342":"PS2V","343":"FS1V"},"N_Y":{"0":"NO","1":"YES"},"AIOT":{"1":"10U","2":"0A","5":"N10U","7":"PTC","8":"KTY","9":"1PT3","10":"1PT2","11":"LEVEL","12":"3PT3","13":"3PT2","14":"1PT33","15":"1PT23","16":"3PT33","17":"3PT23"},"NPL":{"0":"POS","1":"NEG"},"TOCT":{"0":"NA","1":"PRESS","2":"FLOW","3":"OTHER"},"THT":{"0":"NO","1":"ACL","2":"FCL"},"ECFG":{"0":"NO","1":"YES","2":"STT","4":"LFF","5":"RLS","6":"RMP","7":"FST","8":"DCI"},"PLFM":{"0":"NO","1":"SW","2":"Q","3":"QN","5":"NF"},"DRYM":{"0":"NO","1":"SWT","2":"PWR"},"PCPM":{"0":"NO","1":"NORM","2":"RTC"},"JATC":{"0":"NO","1":"START","2":"TIME","3":"TORQUE"},"SLPM":{"0":"NO","1":"SW","2":"SNSR","3":"SPD","4":"PWR"},"WUPM":{"0":"FBK","1":"ERR"},"CSLOUT":{"0":"NO","146":"R2","147":"R3","148":"R4","149":"R5","150":"R6","163":"DO11","164":"DO12","200":"VSP"},"PCM":{"0":"NO","1":"HQ","2":"PQ","3":"PHQ"},"PFM":{"0":"NO","1":"HOR"},"CFPS":{"0":"NO","1":"CFP1","2":"CFP2","3":"CFP3"},"APPS":{"0":"RUN","1":"STOP","2":"LOCAL","3":"OVER","4":"MANU","5":"AUTO","6":"AJAM","7":"FLIM","8":"FILL","9":"JOCKEY","10":"BOOST","11":"SLEEP","12":"PRIM","13":"COMP"},"IPPM":{"0":"NO","1":"ALARM","2":"COMP"},"OPPM":{"0":"NO","1":"SW","2":"SNSR","3":"BOTH"},"CSL":{"0":"NO","1":"LIRUN","2":"LIFRD","3":"LIRRS","4":"LIRPS","6":"LIUSP","7":"LIDSP","8":"LIPS2","9":"LIPS4","10":"LIPS8","11":"LIRFC","12":"LINST","13":"LIDCI","14":"LIFST","17":"LIFLO","18":"LIRSF","19":"LITUL","22":"LIPAU","23":"LIPIS","24":"LIPR2","25":"LIPR4","26":"LITLA","27":"LIETF","35":"LICHA1","36":"LICHA2","40":"LICCS","41":"LIINH","42":"LIPS16","46":"LIRCB","61":"LILES","66":"LIRPA","76":"IDLS","145":"R1","146":"R2","147":"R3","148":"R4","149":"R5","150":"R6","163":"DO11","164":"DO12","181":"FNPS1","182":"FNPS2","183":"FNPR1","184":"FNPR2","185":"FNUSP","186":"FNDSP","200":"VSP","340":"OPPW","341":"SLPW","342":"PFEC","343":"JETC","344":"DRYW","345":"PLFW"},"TBR":{"4":"AUTO","8":"300","12":"600","16":"1200","20":"2400","24":"4800","28":"9600","30":"10000","32":"19200","34":"20000","35":"28800","36":"38400","37":"45450","38":"50000","40":"57600","42":"93750","44":"100K","48":"115K2","52":"125K","53":"156K","54":"187K5","56":"230K4","60":"250K","64":"460K8","68":"500K","69":"625K","70":"800K","72":"921K6","76":"1M","80":"1M5","81":"2M5","82":"3M","83":"6M","84":"10M","86":"5M","88":"12M","92":"100M"},"FOR":{"2":"8O1","3":"8E1","4":"8N1","5":"8N2"},"BDCO":{"38":"50K","52":"125K","60":"250K","68":"500K","76":"1M"},"OPL":{"0":"NO","1":"YES","2":"OAC"},"BFR":{"0":"50Hz","1":"60Hz"},"ACTION":{"0":"NO","1":"YES","2":"CLR"},"ACT":{"0":"TAB","1":"PEND","2":"PROG","3":"FAIL","4":"DONE"},"STUN":{"0":"TAB","1":"MEAS","2":"CUS"}}}